task,dataset,network_type,network_depth,network_activation,accuracy_pct,accuracy,loss,lr,global_step,datetime
reduce_sum,one_hot,dense,1,linear,100.0%,1.0,2.3824464e-06,0.01,1000,2018-11-02 16:30:41
reduce_max,one_hot,dense,1,linear,100.0%,1.0,1.1401751e-06,0.01,700,2018-11-02 16:32:11
concat,one_hot,dense,1,linear,99.0%,0.99171096,0.0101305945,0.0001,1000,2018-11-02 16:33:07
dot,one_hot,dense,1,linear,89.0%,0.89275,0.023592463,0.0010000006,100,2018-11-02 16:35:09
elementwise_mul,one_hot,dense,1,linear,99.0%,0.99126565,0.0045539155,0.0001,1000,2018-11-02 16:36:05
one_hot_sum,one_hot,dense,1,linear,99.0%,0.9948965,0.006432534,0.001,200,2018-11-02 16:37:17
elementwise_add,one_hot,dense,1,linear,100.0%,0.9999668,8.8971334e-05,0.01,600,2018-11-02 16:38:44
equality,one_hot,dense,1,linear,100.0%,0.9981777,0.00043973877,0.01,1000,2018-11-02 16:40:14
logical_and,one_hot,dense,1,linear,99.0%,0.9916016,0.0045248806,0.0001,1000,2018-11-02 16:41:08
logical_or,one_hot,dense,1,linear,100.0%,0.9995527,0.00022476114,0.01,600,2018-11-02 16:42:38
logical_xor,one_hot,dense,1,linear,100.0%,0.9978086,0.0005612952,0.01,700,2018-11-02 16:44:07
reduce_sum,one_hot,dense,1,tanh,0.0%,0.0,1.0,1.0,30000,2018-11-02 16:47:25
reduce_max,one_hot,dense,1,tanh,100.0%,1.0,0.0011904258,0.01,1000,2018-11-02 16:48:54
concat,one_hot,dense,1,tanh,99.0%,0.99158007,0.010098731,0.0001,1000,2018-11-02 16:49:49
reduce_sum,random_pos,dense,1,linear,100.0%,1.0,1.7786737e-05,0.01,1000,2018-11-02 16:53:10
reduce_max,random_pos,dense,1,linear,100.0%,1.0,0.00022204228,0.01,1000,2018-11-02 16:53:16
concat,random_pos,dense,1,linear,100.0%,1.0,1.6202648e-09,0.01,1000,2018-11-02 16:53:23
dot,random_pos,dense,1,linear,3.0%,0.0305,14.050371,0.009999993,30000,2018-11-02 16:54:53
elementwise_mul,random_pos,dense,1,linear,43.0%,0.43446094,0.11553457,0.0010000006,30000,2018-11-02 16:56:05
one_hot_sum,random_pos,dense,1,linear,100.0%,0.9962246,0.004065975,0.0010000006,1000,2018-11-02 16:56:12
elementwise_add,random_pos,dense,1,linear,100.0%,1.0,4.6486655e-15,0.01,1000,2018-11-02 16:56:50
equality,random_pos,dense,1,linear,100.0%,0.99992967,0.001491283,0.01,100,2018-11-02 16:56:56
logical_and,random_pos,dense,1,linear,100.0%,1.0,1.4269211e-15,0.01,1000,2018-11-02 16:57:03
logical_or,random_pos,dense,1,linear,100.0%,1.0,1.4921953e-15,0.01,1000,2018-11-02 16:57:09
logical_xor,random_pos,dense,1,linear,100.0%,0.9999375,0.0014065175,0.01,100,2018-11-02 16:57:15
reduce_sum,random_pos,dense,1,tanh,8.0%,0.081,73.873695,0.0010000006,30000,2018-11-02 16:58:48
reduce_max,random_pos,dense,1,tanh,100.0%,1.0,0.0023283663,0.01,1000,2018-11-02 16:59:26
concat,random_pos,dense,1,tanh,80.0%,0.8002539,0.0157136,0.009999993,30000,2018-11-02 17:00:57
dot,random_pos,dense,1,tanh,3.0%,0.02525,14.279883,1.0000001e-06,30000,2018-11-02 17:02:33
elementwise_mul,random_pos,dense,1,tanh,43.0%,0.4334746,0.11582541,0.0010000006,30000,2018-11-02 17:04:02
one_hot_sum,random_pos,dense,1,tanh,100.0%,0.99605274,0.0044083907,0.0010000006,1000,2018-11-02 17:04:08
elementwise_add,random_pos,dense,1,tanh,55.0%,0.5463574,0.0665811,0.009999993,30000,2018-11-02 17:05:34
equality,random_pos,dense,1,tanh,100.0%,0.99990624,0.0014577396,0.009999993,200,2018-11-02 17:05:40
reduce_sum,random,dense,1,linear,100.0%,1.0,3.9844068e-05,0.01,1000,2018-11-02 17:25:45
reduce_max,random,dense,1,linear,100.0%,1.0,0.00019476029,0.01,1000,2018-11-02 17:25:52
concat,random,dense,1,linear,100.0%,1.0,1.5971433e-09,0.01,1000,2018-11-02 17:25:58
dot,random,dense,1,linear,4.0%,0.036,14.521193,0.009999993,30000,2018-11-02 17:27:30
elementwise_mul,random,dense,1,linear,44.0%,0.4364375,0.11461051,0.001,1000,2018-11-02 17:28:56
one_hot_sum,random,dense,1,linear,100.0%,0.9961387,0.0041499822,0.001,1000,2018-11-02 17:29:03
elementwise_add,random,dense,1,linear,100.0%,1.0,4.5947527e-15,0.01,1000,2018-11-02 17:29:44
equality,random,dense,1,linear,100.0%,0.9999375,0.0014314604,0.01,100,2018-11-02 17:29:50
logical_and,random,dense,1,linear,100.0%,1.0,1.3744769e-15,0.01,1000,2018-11-02 17:29:56
logical_or,random,dense,1,linear,100.0%,1.0,1.3828661e-15,0.01,1000,2018-11-02 17:30:02
logical_xor,random,dense,1,linear,100.0%,0.999957,0.0013564699,0.01,100,2018-11-02 17:30:08
reduce_sum,random_pos,dense,1,linear,100.0%,1.0,1.7028944e-05,0.01,1000,2018-11-02 17:30:13
reduce_max,random_pos,dense,1,linear,100.0%,1.0,0.00021131682,0.01,1000,2018-11-02 17:30:17
concat,random_pos,dense,1,linear,100.0%,1.0,1.6143987e-09,0.01,1000,2018-11-02 17:30:22
dot,random_pos,dense,1,linear,3.0%,0.03325,13.983892,0.001,1000,2018-11-02 17:31:31
elementwise_mul,random_pos,dense,1,linear,44.0%,0.43633202,0.11490174,0.001,1000,2018-11-02 17:32:11
one_hot_sum,random_pos,dense,1,linear,100.0%,0.9961367,0.0041325516,0.001,1000,2018-11-02 17:32:17
elementwise_add,random_pos,dense,1,linear,100.0%,1.0,4.6747617e-15,0.01,1000,2018-11-02 17:32:45
equality,random_pos,dense,1,linear,100.0%,1.0,5.241025e-05,0.01,200,2018-11-02 17:32:51
logical_and,random_pos,dense,1,linear,100.0%,1.0,1.4199752e-15,0.01,1000,2018-11-02 17:32:56
logical_or,random_pos,dense,1,linear,100.0%,1.0,1.4825641e-15,0.01,1000,2018-11-02 17:33:00
logical_xor,random_pos,dense,1,linear,100.0%,1.0,5.2765903e-05,0.01,200,2018-11-02 17:33:06
reduce_sum,one_hot,dense,1,linear,100.0%,1.0,2.320144e-06,0.01,1000,2018-11-02 17:33:22
reduce_max,one_hot,dense,1,linear,100.0%,1.0,1.3748551e-07,0.01,800,2018-11-02 17:33:38
concat,one_hot,dense,1,linear,99.0%,0.9924053,0.0012230623,0.01,300,2018-11-02 17:33:56
dot,one_hot,dense,1,linear,99.0%,0.99125,0.009628229,0.001,1000,2018-11-02 17:35:16
elementwise_mul,one_hot,dense,1,linear,100.0%,0.99983984,0.0020000727,0.001,200,2018-11-02 17:35:33
one_hot_sum,one_hot,dense,1,linear,100.0%,0.99580663,0.004920246,0.001,300,2018-11-02 17:35:50
elementwise_add,one_hot,dense,1,linear,100.0%,0.99989647,4.8819373e-05,0.01,700,2018-11-02 17:37:26
equality,one_hot,dense,1,linear,100.0%,0.998332,0.0004782333,0.01,1000,2018-11-02 17:37:42
logical_and,one_hot,dense,1,linear,100.0%,0.9995703,0.00073806295,0.01,100,2018-11-02 17:37:59
logical_or,one_hot,dense,1,linear,100.0%,0.9989785,0.00022886587,0.01,700,2018-11-02 17:38:16
logical_xor,one_hot,dense,1,linear,100.0%,0.9979043,0.0005974286,0.01,800,2018-11-02 17:38:32
reduce_max,many_hot,dense,1,linear,99.0%,0.99275,0.0034461096,1.0,1000,2018-11-02 17:46:34
concat,many_hot,dense,1,linear,100.0%,1.0,3.933745e-06,0.01,1000,2018-11-02 17:49:07
dot,many_hot,dense,1,linear,4.0%,0.0435,8.693318,0.009999993,30000,2018-11-02 17:53:11
elementwise_mul,many_hot,dense,1,linear,10.0%,0.10277735,0.067610495,0.001,1000,2018-11-02 17:56:02
one_hot_sum,many_hot,dense,1,linear,98.0%,0.9785918,0.0051215836,0.001,1000,2018-11-02 18:01:10
elementwise_add,many_hot,dense,1,linear,100.0%,1.0,9.317851e-07,0.01,1000,2018-11-02 18:03:50
equality,many_hot,dense,1,linear,0.0%,0.0005019531,0.25949,0.001,1000,2018-11-02 18:09:08
logical_and,many_hot,dense,1,linear,10.0%,0.10048633,0.067893766,0.001,1000,2018-11-02 18:14:55
logical_or,many_hot,dense,1,linear,11.0%,0.10501758,0.06812092,0.001,1000,2018-11-02 18:22:40
logical_xor,many_hot,dense,1,linear,0.0%,0.0001484375,0.25917336,0.001,1000,2018-11-02 18:29:32
reduce_sum,random,dense,1,tanh,2.0%,0.02075,70.853584,0.10000009,30000,2018-11-02 18:32:09
reduce_max,random,dense,1,tanh,100.0%,0.99975,0.00013641363,0.10000009,1000,2018-11-02 18:32:16
concat,random,dense,1,tanh,93.0%,0.93494046,0.007818875,0.01,1000,2018-11-02 18:35:05
dot,random,dense,1,tanh,4.0%,0.03875,14.407303,0.1,1000,2018-11-02 18:37:41
elementwise_mul,random,dense,1,tanh,43.0%,0.43468165,0.11567289,0.001,1000,2018-11-02 18:40:08
one_hot_sum,random,dense,1,tanh,100.0%,0.9960703,0.004371579,0.001,1000,2018-11-02 18:40:16
elementwise_add,random,dense,1,tanh,67.0%,0.66515625,0.05789583,0.01,1000,2018-11-02 18:42:26
equality,random,dense,1,tanh,100.0%,0.9995195,0.0017392214,0.01,200,2018-11-02 18:42:37
logical_and,random,dense,1,tanh,100.0%,1.0,0.0029527035,0.01,1000,2018-11-02 18:42:53
logical_or,random,dense,1,tanh,100.0%,1.0,0.0029538916,0.01,1000,2018-11-02 18:43:01
logical_xor,random,dense,1,tanh,100.0%,0.9997617,0.0016348975,0.01,200,2018-11-02 18:43:10
reduce_sum,random_pos,dense,1,tanh,4.0%,0.043,73.00387,0.009999993,30000,2018-11-02 18:44:59
reduce_max,random_pos,dense,1,tanh,100.0%,1.0,0.0023260883,0.009999993,1000,2018-11-02 18:45:09
concat,random_pos,dense,1,tanh,93.0%,0.93369627,0.007863459,0.01,1000,2018-11-02 18:46:15
dot,random_pos,dense,1,tanh,3.0%,0.03225,14.096751,1e-05,1000,2018-11-02 18:48:17
elementwise_mul,random_pos,dense,1,tanh,43.0%,0.4342832,0.11583019,0.001,1000,2018-11-02 18:49:36
one_hot_sum,random_pos,dense,1,tanh,100.0%,0.996084,0.004355796,0.001,1000,2018-11-02 18:49:44
elementwise_add,random_pos,dense,1,tanh,67.0%,0.6657305,0.05734646,0.01,1000,2018-11-02 18:51:00
equality,random_pos,dense,1,tanh,100.0%,0.99961525,0.0016584215,0.01,200,2018-11-02 18:51:07
logical_and,random_pos,dense,1,tanh,100.0%,1.0,0.0029501237,0.01,1000,2018-11-02 18:51:18
logical_or,random_pos,dense,1,tanh,100.0%,1.0,0.0029867787,0.01,1000,2018-11-02 18:51:36
logical_xor,random_pos,dense,1,tanh,100.0%,0.99983984,0.0015118432,0.01,200,2018-11-02 18:51:47
reduce_sum,one_hot,dense,1,tanh,0.0%,0.0,1.0,1.0,1000,2018-11-02 18:55:16
reduce_max,one_hot,dense,1,tanh,100.0%,1.0,7.512632e-12,1.0,100,2018-11-02 18:55:35
concat,one_hot,dense,1,tanh,99.0%,0.9915713,0.010213423,0.0001,1000,2018-11-02 18:56:52
dot,one_hot,dense,1,tanh,99.0%,0.987,0.011312493,0.01,100,2018-11-02 19:00:20
elementwise_mul,one_hot,dense,1,tanh,100.0%,0.9996133,0.00061316264,0.01,100,2018-11-02 19:00:40
one_hot_sum,one_hot,dense,1,tanh,100.0%,0.9958574,0.004928728,0.001,300,2018-11-02 19:02:23
elementwise_add,one_hot,dense,1,tanh,100.0%,0.99946874,0.0005013394,0.01,1000,2018-11-02 19:04:26
equality,one_hot,dense,1,tanh,100.0%,0.99740624,0.0017705146,0.01,1000,2018-11-02 19:04:47
logical_and,one_hot,dense,1,tanh,100.0%,0.9995723,0.0009471812,0.01,100,2018-11-02 19:05:06
logical_or,one_hot,dense,1,tanh,100.0%,0.99957615,0.00037150897,0.01,1000,2018-11-02 19:05:28
logical_xor,one_hot,dense,1,tanh,100.0%,0.9996797,0.00046169563,0.01,1000,2018-11-02 19:05:49
reduce_sum,many_hot,dense,1,tanh,0.0%,0.0,16152.438,1.0,1000,2018-11-02 19:13:14
reduce_max,many_hot,dense,1,tanh,100.0%,1.0,0.0,1.0,100,2018-11-02 19:13:54
concat,many_hot,dense,1,tanh,100.0%,1.0,5.2899544e-05,0.0010000006,30000,2018-11-02 19:19:53
dot,many_hot,dense,1,tanh,0.0%,0.0,976.0885,100.0,1000,2018-11-02 19:27:41
elementwise_mul,many_hot,dense,1,tanh,11.0%,0.105904296,0.08201989,0.001,1000,2018-11-02 19:32:16
one_hot_sum,many_hot,dense,1,tanh,97.0%,0.97458005,0.005172556,0.0010000006,30000,2018-11-02 19:37:52
elementwise_add,many_hot,dense,1,tanh,75.0%,0.75006837,0.25000614,0.0010000016,30000,2018-11-02 19:45:34
equality,many_hot,dense,1,tanh,0.0%,0.0009042969,0.26025617,0.0010000016,1000,2018-11-02 19:53:02
logical_and,many_hot,dense,1,tanh,10.0%,0.09810937,0.081819125,0.001,1000,2018-11-02 20:00:39
logical_or,many_hot,dense,1,tanh,100.0%,1.0,9.2883245e-05,0.0010000006,30000,2018-11-02 20:05:05
logical_xor,many_hot,dense,1,tanh,0.0%,0.0009941406,0.2607388,0.001,1000,2018-11-02 20:12:51
reduce_sum,random,dense,1,relu,30.0%,0.29575,44.956524,0.009999993,30000,2018-11-02 20:15:28
reduce_max,random,dense,1,relu,100.0%,0.9995,0.002062534,0.009999993,1000,2018-11-02 20:15:42
concat,random,dense,1,relu,58.0%,0.5783584,0.16696428,0.0010000006,30000,2018-11-02 20:18:15
dot,random,dense,1,relu,3.0%,0.03425,13.770893,0.1,1000,2018-11-02 20:21:19
elementwise_mul,random,dense,1,relu,48.0%,0.47632423,0.09832419,0.01,1000,2018-11-02 20:24:01
one_hot_sum,random,dense,1,relu,99.0%,0.99253124,0.0042500026,0.01,100,2018-11-02 20:24:08
elementwise_add,random,dense,1,relu,58.0%,0.57608986,0.33298177,0.01,1000,2018-11-02 20:26:43
equality,random,dense,1,relu,100.0%,0.99782616,0.00019805074,0.01,100,2018-11-02 20:27:03
logical_and,random,dense,1,relu,100.0%,1.0,1.2305335e-11,0.01,1000,2018-11-02 20:27:18
logical_or,random,dense,1,relu,100.0%,1.0,2.2854385e-11,0.01,1000,2018-11-02 20:27:28
logical_xor,random,dense,1,relu,100.0%,0.9969668,0.00026086366,0.01,100,2018-11-02 20:27:42
reduce_sum,random_pos,dense,1,relu,36.0%,0.35825,41.360573,0.009999993,30000,2018-11-02 20:29:49
reduce_max,random_pos,dense,1,relu,100.0%,1.0,0.0018441629,0.009999993,1000,2018-11-02 20:30:01
concat,random_pos,dense,1,relu,58.0%,0.5796475,0.16688769,0.0010000006,30000,2018-11-02 20:32:23
dot,random_pos,dense,1,relu,4.0%,0.03575,13.639428,100.0,1000,2018-11-02 20:34:38
elementwise_mul,random_pos,dense,1,relu,47.0%,0.47455272,0.099208735,0.01,1000,2018-11-02 20:37:59
one_hot_sum,random_pos,dense,1,relu,99.0%,0.99335545,0.0042003803,0.01,100,2018-11-02 20:38:13
elementwise_add,random_pos,dense,1,relu,58.0%,0.5758144,0.33411583,0.01,1000,2018-11-02 20:40:43
equality,random_pos,dense,1,relu,100.0%,0.9978145,0.00019838092,0.01,100,2018-11-02 20:40:56
logical_and,random_pos,dense,1,relu,100.0%,1.0,1.9867953e-11,0.01,1000,2018-11-02 20:41:04
logical_or,random_pos,dense,1,relu,100.0%,1.0,9.3122255e-12,0.01,1000,2018-11-02 20:41:20
logical_xor,random_pos,dense,1,relu,100.0%,0.99788475,0.00019071782,0.01,100,2018-11-02 20:41:26
reduce_sum,one_hot,dense,1,relu,100.0%,1.0,1.7780027e-06,0.01,1000,2018-11-02 20:41:49
reduce_max,one_hot,dense,1,relu,100.0%,1.0,3.510461e-09,0.01,1000,2018-11-02 20:42:10
concat,one_hot,dense,1,relu,99.0%,0.9921875,0.007855778,0.0001,1000,2018-11-02 20:43:34
dot,one_hot,dense,1,relu,99.0%,0.99375,0.0062961164,0.001,700,2018-11-02 20:45:16
elementwise_mul,one_hot,dense,1,relu,100.0%,0.9998574,0.0005799592,0.001,100,2018-11-02 20:45:36
one_hot_sum,one_hot,dense,1,relu,100.0%,0.9958574,0.004488447,0.001,100,2018-11-02 20:45:56
elementwise_add,one_hot,dense,1,relu,99.0%,0.9922461,0.0063448143,0.01,1000,2018-11-02 20:48:00
equality,one_hot,dense,1,relu,100.0%,0.99990237,9.76582e-05,0.01,1000,2018-11-02 20:48:21
logical_and,one_hot,dense,1,relu,100.0%,0.99992967,7.621816e-05,0.01,100,2018-11-02 20:48:40
logical_or,one_hot,dense,1,relu,99.0%,0.9918672,0.0065261004,0.01,1000,2018-11-02 20:49:01
logical_xor,one_hot,dense,1,relu,99.0%,0.9911484,0.006908849,0.01,800,2018-11-02 20:49:22
reduce_sum,many_hot,dense,1,relu,100.0%,1.0,1.5720054e-05,0.10000009,30000,2018-11-02 20:55:52
reduce_max,many_hot,dense,1,relu,99.0%,0.9915,0.003561211,0.001,1000,2018-11-02 20:58:58
concat,many_hot,dense,1,relu,100.0%,0.9981035,0.0019438253,0.0010000006,30000,2018-11-02 21:07:21
dot,many_hot,dense,1,relu,4.0%,0.03725,11.034188,0.0010000006,30000,2018-11-02 21:13:34
elementwise_mul,many_hot,dense,1,relu,96.0%,0.9607148,0.039354574,0.0010000016,30000,2018-11-02 21:21:23
one_hot_sum,many_hot,dense,1,relu,99.0%,0.9914297,0.0078953,0.0010000016,100,2018-11-02 21:22:03
elementwise_add,many_hot,dense,1,relu,99.0%,0.99414456,0.01178278,0.01,1000,2018-11-02 21:26:20
equality,many_hot,dense,1,relu,0.0%,0.0043144533,0.26263946,0.001,1000,2018-11-02 21:30:59
logical_and,many_hot,dense,1,relu,95.0%,0.9530078,0.047056638,0.0010000006,30000,2018-11-02 21:38:56
logical_or,many_hot,dense,1,relu,6.0%,0.064625,0.06626474,0.0010000006,30000,2018-11-02 21:47:07
logical_xor,many_hot,dense,1,relu,0.0%,0.0038515625,0.26011768,0.0010000006,30000,2018-11-02 21:55:22
reduce_sum,random,dense,1,sigmoid,4.0%,0.03875,76.06108,0.009999993,30000,2018-11-02 21:58:20
reduce_max,random,dense,1,sigmoid,100.0%,1.0,0.0020434489,0.009999993,1000,2018-11-02 21:58:28
concat,random,dense,1,sigmoid,56.0%,0.55960643,0.17072691,0.009999993,30000,2018-11-02 22:01:15
dot,random,dense,1,sigmoid,4.0%,0.035,14.000374,0.001,1000,2018-11-02 22:04:13
elementwise_mul,random,dense,1,sigmoid,46.0%,0.45867577,0.10573291,0.1,1000,2018-11-02 22:07:01
one_hot_sum,random,dense,1,sigmoid,100.0%,0.99600196,0.00400252,0.1,500,2018-11-02 22:07:12
elementwise_add,random,dense,1,sigmoid,46.0%,0.46224415,0.35832736,0.009999993,30000,2018-11-02 22:10:05
equality,random,dense,1,sigmoid,100.0%,1.0,0.0025213675,0.009999993,1000,2018-11-02 22:10:20
logical_and,random,dense,1,sigmoid,100.0%,1.0,0.0024846417,0.009999993,1000,2018-11-02 22:10:31
logical_or,random,dense,1,sigmoid,100.0%,1.0,0.0025178597,0.009999993,1000,2018-11-02 22:10:38
logical_xor,random,dense,1,sigmoid,100.0%,1.0,0.0025046787,0.009999993,1000,2018-11-02 22:10:55
reduce_sum,random_pos,dense,1,sigmoid,2.0%,0.01575,76.20406,1.0,1000,2018-11-02 22:13:45
reduce_max,random_pos,dense,1,sigmoid,100.0%,0.997,0.0030600491,1.0,12200,2018-11-02 22:15:07
concat,random_pos,dense,1,sigmoid,56.0%,0.56124413,0.17017156,0.009999993,30000,2018-11-02 22:18:01
dot,random_pos,dense,1,sigmoid,3.0%,0.03325,13.8327055,0.009999993,1000,2018-11-02 22:20:54
elementwise_mul,random_pos,dense,1,sigmoid,46.0%,0.45877343,0.10613809,0.1,1000,2018-11-02 22:24:41
one_hot_sum,random_pos,dense,1,sigmoid,100.0%,0.99603903,0.0039699837,0.1,300,2018-11-02 22:24:47
elementwise_add,random_pos,dense,1,sigmoid,46.0%,0.46157813,0.35676655,0.009999993,30000,2018-11-02 22:28:01
equality,random_pos,dense,1,sigmoid,100.0%,1.0,0.0024895356,0.009999993,1000,2018-11-02 22:28:24
logical_and,random_pos,dense,1,sigmoid,100.0%,1.0,0.0025150855,0.009999993,1000,2018-11-02 22:28:32
logical_or,random_pos,dense,1,sigmoid,100.0%,1.0,0.0024894588,0.009999993,1000,2018-11-02 22:28:49
logical_xor,random_pos,dense,1,sigmoid,100.0%,1.0,0.0024959976,0.009999993,1000,2018-11-02 22:29:03
reduce_sum,one_hot,dense,1,sigmoid,0.0%,0.0,1.0,1.0,1000,2018-11-02 22:33:31
reduce_max,one_hot,dense,1,sigmoid,100.0%,1.0,1.2809268e-08,1.0,100,2018-11-02 22:33:52
concat,one_hot,dense,1,sigmoid,100.0%,0.9967246,0.0016930908,1.0,100,2018-11-02 22:34:13
dot,one_hot,dense,1,sigmoid,99.0%,0.9905,0.009498959,1.0,100,2018-11-02 22:34:34
elementwise_mul,one_hot,dense,1,sigmoid,100.0%,0.99979883,0.000112319445,1.0,100,2018-11-02 22:34:54
one_hot_sum,one_hot,dense,1,sigmoid,99.0%,0.9939609,0.0049731834,1.0,100,2018-11-02 22:35:14
elementwise_add,one_hot,dense,1,sigmoid,99.0%,0.9918906,0.0038490735,1.0,100,2018-11-02 22:35:35
equality,one_hot,dense,1,sigmoid,99.0%,0.99151564,0.004351081,1.0,100,2018-11-02 22:35:56
logical_and,one_hot,dense,1,sigmoid,100.0%,0.99991995,8.084412e-05,1.0,100,2018-11-02 22:36:15
logical_or,one_hot,dense,1,sigmoid,99.0%,0.99215233,0.004029948,1.0,100,2018-11-02 22:36:36
logical_xor,one_hot,dense,1,sigmoid,99.0%,0.9916699,0.004251521,1.0,100,2018-11-02 22:36:57
reduce_sum,many_hot,dense,1,sigmoid,0.0%,0.0,16158.823,0.001,1000,2018-11-02 22:44:50
reduce_max,many_hot,dense,1,sigmoid,100.0%,0.99975,0.00074296707,0.001,100,2018-11-02 22:45:25
concat,many_hot,dense,1,sigmoid,100.0%,1.0,1.1909922e-06,0.0010000006,30000,2018-11-02 22:49:53
dot,many_hot,dense,1,sigmoid,0.0%,0.0,976.88226,1.0,1000,2018-11-02 22:57:52
elementwise_mul,many_hot,dense,1,sigmoid,100.0%,0.99994725,1.0882115e-05,0.009999993,30000,2018-11-02 23:05:54
one_hot_sum,many_hot,dense,1,sigmoid,99.0%,0.9921875,0.0078125,0.1,100,2018-11-02 23:10:48
elementwise_add,many_hot,dense,1,sigmoid,75.0%,0.7512461,0.24875437,0.0010000006,30000,2018-11-02 23:15:33
equality,many_hot,dense,1,sigmoid,0.0%,0.0,0.2557615,0.0010000006,1000,2018-11-02 23:20:01
logical_and,many_hot,dense,1,sigmoid,100.0%,0.9999082,1.2829596e-05,0.009999993,30000,2018-11-02 23:28:06
logical_or,many_hot,dense,1,sigmoid,100.0%,1.0,2.7171794e-08,0.009999993,30000,2018-11-02 23:36:30
logical_xor,many_hot,dense,1,sigmoid,0.0%,0.00080078124,0.26535025,0.0001,1000,2018-11-02 23:40:23
reduce_sum,random,dense,2,linear,100.0%,1.0,1.3178307e-13,0.001,1000,2018-11-02 23:41:37
reduce_max,random,dense,2,linear,100.0%,1.0,0.00039812142,0.0010000006,400,2018-11-02 23:42:31
concat,random,dense,2,linear,100.0%,1.0,6.297677e-05,0.0010000006,1000,2018-11-02 23:42:40
dot,random,dense,2,linear,4.0%,0.03575,13.792456,9.999996e-06,30000,2018-11-02 23:46:25
elementwise_mul,random,dense,2,linear,45.0%,0.44726953,0.11163164,0.0010000006,30000,2018-11-02 23:50:20
one_hot_sum,random,dense,2,linear,100.0%,0.99596095,0.004874474,0.0010000006,1000,2018-11-02 23:50:33
elementwise_add,random,dense,2,linear,100.0%,1.0,2.5970906e-11,0.0010000006,1000,2018-11-02 23:50:46
equality,random,dense,2,linear,100.0%,1.0,1.2433945e-05,0.0010000006,1000,2018-11-02 23:51:01
logical_and,random,dense,2,linear,100.0%,1.0,0.00017237148,0.0010000006,1000,2018-11-02 23:51:19
logical_or,random,dense,2,linear,100.0%,1.0,0.0001658817,0.0010000006,1000,2018-11-02 23:51:36
logical_xor,random,dense,2,linear,100.0%,1.0,1.2635717e-05,0.0010000006,1000,2018-11-02 23:51:45
reduce_sum,random_pos,dense,2,linear,100.0%,1.0,1.2574233e-13,0.0010000006,1000,2018-11-02 23:52:02
reduce_max,random_pos,dense,2,linear,100.0%,0.99975,0.0018183956,0.0010000006,1000,2018-11-02 23:52:17
concat,random_pos,dense,2,linear,100.0%,1.0,4.4979703e-07,0.0010000006,1000,2018-11-02 23:52:26
dot,random_pos,dense,2,linear,4.0%,0.0375,14.341447,0.0010000016,30000,2018-11-02 23:56:06
elementwise_mul,random_pos,dense,2,linear,45.0%,0.44626564,0.112067595,0.0010000006,30000,2018-11-02 23:59:28
one_hot_sum,random_pos,dense,2,linear,100.0%,0.9960742,0.004760888,0.0010000006,1000,2018-11-02 23:59:38
elementwise_add,random_pos,dense,2,linear,100.0%,1.0,1.4495226e-11,0.0010000006,1000,2018-11-02 23:59:56
equality,random_pos,dense,2,linear,100.0%,1.0,1.1969618e-05,0.0010000006,1000,2018-11-03 00:00:09
logical_and,random_pos,dense,2,linear,100.0%,1.0,0.00017602465,0.0010000006,1000,2018-11-03 00:00:26
logical_or,random_pos,dense,2,linear,100.0%,1.0,0.0001681237,0.0010000006,1000,2018-11-03 00:00:43
logical_xor,random_pos,dense,2,linear,100.0%,1.0,1.2969746e-05,0.0010000006,1000,2018-11-03 00:00:52
reduce_sum,one_hot,dense,2,linear,100.0%,1.0,1.024809e-08,0.0010000006,1000,2018-11-03 00:01:18
reduce_max,one_hot,dense,2,linear,100.0%,1.0,0.00029905178,0.0001,1000,2018-11-03 00:02:48
concat,one_hot,dense,2,linear,99.0%,0.9920166,0.0045707617,0.0001,1000,2018-11-03 00:03:11
dot,one_hot,dense,2,linear,99.0%,0.9895,0.010690342,9.999996e-06,30000,2018-11-03 00:07:33
elementwise_mul,one_hot,dense,2,linear,100.0%,0.99994725,0.00083203573,0.0001,1000,2018-11-03 00:09:09
one_hot_sum,one_hot,dense,2,linear,100.0%,0.9959707,0.005214053,0.0001,1000,2018-11-03 00:09:31
elementwise_add,one_hot,dense,2,linear,100.0%,0.9997051,0.00032133504,0.001,400,2018-11-03 00:11:26
equality,one_hot,dense,2,linear,99.0%,0.9931797,0.0017019844,0.001,1000,2018-11-03 00:11:49
logical_and,one_hot,dense,2,linear,100.0%,0.9994238,0.0014064861,0.001,100,2018-11-03 00:12:10
logical_or,one_hot,dense,2,linear,100.0%,0.99951565,0.00041182965,0.001,400,2018-11-03 00:12:32
logical_xor,one_hot,dense,2,linear,100.0%,0.9986563,0.00079191715,0.001,400,2018-11-03 00:12:53
reduce_sum,many_hot,dense,2,linear,100.0%,1.0,0.0011305074,0.009999993,30000,2018-11-03 00:20:15
reduce_max,many_hot,dense,2,linear,99.0%,0.99075,0.0036184078,0.009999993,1000,2018-11-03 00:21:00
concat,many_hot,dense,2,linear,100.0%,0.99972653,0.00096917246,0.009999993,1000,2018-11-03 00:21:44
dot,many_hot,dense,2,linear,4.0%,0.042,9.871937,0.009999993,30000,2018-11-03 00:29:06
elementwise_mul,many_hot,dense,2,linear,13.0%,0.1289121,0.06911495,0.001,1000,2018-11-03 00:34:29
one_hot_sum,many_hot,dense,2,linear,97.0%,0.97480273,0.004996281,0.0010000006,30000,2018-11-03 00:41:07
elementwise_add,many_hot,dense,2,linear,100.0%,1.0,2.1934062e-05,0.0010000006,1000,2018-11-03 00:41:53
equality,many_hot,dense,2,linear,0.0%,0.00078125,0.26129222,0.0010000006,1000,2018-11-03 00:47:00
logical_and,many_hot,dense,2,linear,13.0%,0.12829883,0.06901684,0.001,1000,2018-11-03 00:54:23
logical_or,many_hot,dense,2,linear,13.0%,0.1331543,0.069194764,0.001,1000,2018-11-03 01:00:45
logical_xor,many_hot,dense,2,linear,0.0%,0.0010605468,0.26175958,0.001,1000,2018-11-03 01:05:49
reduce_sum,random,dense,2,tanh,5.0%,0.05075,70.59325,9.999989e-05,30000,2018-11-03 01:09:47
reduce_max,random,dense,2,tanh,100.0%,1.0,6.494775e-05,9.999984e-05,30000,2018-11-03 01:12:45
concat,random,dense,2,tanh,97.0%,0.96822363,0.005993741,0.0010000006,30000,2018-11-03 01:17:10
dot,random,dense,2,tanh,3.0%,0.0305,13.865373,0.0010000006,1000,2018-11-03 01:21:50
elementwise_mul,random,dense,2,tanh,45.0%,0.4485879,0.1116546,0.0010000016,30000,2018-11-03 01:25:51
one_hot_sum,random,dense,2,tanh,100.0%,0.99600196,0.0052007968,0.0010000016,1000,2018-11-03 01:26:21
elementwise_add,random,dense,2,tanh,67.0%,0.66944337,0.058234956,0.0010000019,30000,2018-11-03 01:30:18
equality,random,dense,2,tanh,100.0%,1.0,0.00064237876,0.0010000019,1000,2018-11-03 01:30:44
logical_and,random,dense,2,tanh,100.0%,1.0,0.00033142482,0.0010000019,1000,2018-11-03 01:31:01
logical_or,random,dense,2,tanh,100.0%,1.0,0.00034113578,0.0010000019,1000,2018-11-03 01:31:19
logical_xor,random,dense,2,tanh,100.0%,1.0,0.00063905405,0.0010000019,1000,2018-11-03 01:31:28
reduce_sum,random_pos,dense,2,tanh,5.0%,0.047,73.95625,0.0010000019,30000,2018-11-03 01:34:36
reduce_max,random_pos,dense,2,tanh,100.0%,1.0,0.00038972887,0.0010000019,1000,2018-11-03 01:34:49
concat,random_pos,dense,2,tanh,97.0%,0.9680254,0.006007762,0.0010000006,30000,2018-11-03 01:39:17
dot,random_pos,dense,2,tanh,4.0%,0.035,14.720533,9.999989e-05,30000,2018-11-03 01:43:35
elementwise_mul,random_pos,dense,2,tanh,45.0%,0.4466289,0.112128966,0.0010000006,30000,2018-11-03 01:47:26
one_hot_sum,random_pos,dense,2,tanh,100.0%,0.9958008,0.00533717,0.0010000006,1000,2018-11-03 01:47:37
elementwise_add,random_pos,dense,2,tanh,67.0%,0.6720977,0.057921622,0.0010000006,30000,2018-11-03 01:51:19
equality,random_pos,dense,2,tanh,100.0%,1.0,0.0006652323,0.0010000006,1000,2018-11-03 01:51:34
logical_and,random_pos,dense,2,tanh,100.0%,1.0,0.00034065708,0.0010000006,1000,2018-11-03 01:51:53
logical_or,random_pos,dense,2,tanh,100.0%,1.0,0.00034277295,0.0010000006,1000,2018-11-03 01:52:11
logical_xor,random_pos,dense,2,tanh,100.0%,1.0,0.00064969,0.0010000006,1000,2018-11-03 01:52:20
reduce_sum,one_hot,dense,2,tanh,0.0%,0.0,1.0,0.01,1000,2018-11-03 01:58:30
reduce_max,one_hot,dense,2,tanh,100.0%,1.0,1.1840609e-07,0.01,100,2018-11-03 01:58:52
concat,one_hot,dense,2,tanh,99.0%,0.9920586,0.0047895103,0.0001,1000,2018-11-03 02:00:29
dot,one_hot,dense,2,tanh,99.0%,0.9875,0.012555891,9.999989e-05,30000,2018-11-03 02:05:38
elementwise_mul,one_hot,dense,2,tanh,100.0%,0.9999375,0.0008313085,9.999989e-05,1000,2018-11-03 02:06:03
one_hot_sum,one_hot,dense,2,tanh,100.0%,0.9960332,0.0051057925,9.999989e-05,1000,2018-11-03 02:06:28
elementwise_add,one_hot,dense,2,tanh,100.0%,0.99992186,0.00019102349,0.001,800,2018-11-03 02:08:31
equality,one_hot,dense,2,tanh,99.0%,0.9926738,0.0012120776,0.0010000006,3500,2018-11-03 02:13:07
logical_and,one_hot,dense,2,tanh,100.0%,0.9986875,0.0014669067,0.0010000006,100,2018-11-03 02:13:31
logical_or,one_hot,dense,2,tanh,100.0%,1.0,0.00011631794,0.0010000006,800,2018-11-03 02:13:54
logical_xor,one_hot,dense,2,tanh,100.0%,0.99990624,0.00021275814,0.0010000006,700,2018-11-03 02:14:19
reduce_sum,many_hot,dense,2,tanh,0.0%,0.0,16174.214,0.01,1000,2018-11-03 02:23:29
reduce_max,many_hot,dense,2,tanh,100.0%,1.0,0.0,0.01,100,2018-11-03 02:24:12
concat,many_hot,dense,2,tanh,61.0%,0.61424905,0.40825686,0.009999993,30000,2018-11-03 02:28:29
dot,many_hot,dense,2,tanh,0.0%,0.0,973.037,0.001,1000,2018-11-03 02:37:30
elementwise_mul,many_hot,dense,2,tanh,100.0%,0.999959,0.0004028225,0.0010000006,30000,2018-11-03 02:45:19
one_hot_sum,many_hot,dense,2,tanh,100.0%,0.9973574,0.00070617534,0.0010000006,30000,2018-11-03 02:52:27
elementwise_add,many_hot,dense,2,tanh,68.0%,0.68426174,0.25652373,0.0010000006,30000,2018-11-03 03:00:27
equality,many_hot,dense,2,tanh,0.0%,0.00013085938,0.25688368,0.0001,1000,2018-11-03 03:05:11
logical_and,many_hot,dense,2,tanh,100.0%,0.9996621,0.00036208413,0.0010000006,30000,2018-11-03 03:12:57
logical_or,many_hot,dense,2,tanh,94.0%,0.93815625,0.005705866,0.0010000016,30000,2018-11-03 03:21:55
logical_xor,many_hot,dense,2,tanh,0.0%,9.375e-05,0.25571087,0.0001,1000,2018-11-03 03:26:50
reduce_sum,random,dense,2,relu,45.0%,0.44775,41.390316,0.0010000006,30000,2018-11-03 03:31:04
reduce_max,random,dense,2,relu,100.0%,0.99925,0.0020406141,0.01,1000,2018-11-03 03:32:43
concat,random,dense,2,relu,38.0%,0.383625,0.24402063,0.0010000006,30000,2018-11-03 03:37:39
dot,random,dense,2,relu,4.0%,0.03725,13.82412,0.001,1000,2018-11-03 03:41:23
elementwise_mul,random,dense,2,relu,45.0%,0.45030272,0.11090915,100.0,1000,2018-11-03 03:47:11
one_hot_sum,random,dense,2,relu,100.0%,0.99614453,0.0038554687,100.0,100,2018-11-03 03:47:26
elementwise_add,random,dense,2,relu,52.0%,0.5151367,0.37816122,0.0010000006,30000,2018-11-03 03:54:36
equality,random,dense,2,relu,100.0%,0.9990098,8.9019944e-05,0.0010000006,100,2018-11-03 03:55:02
logical_and,random,dense,2,relu,100.0%,1.0,0.0010623849,0.01,1000,2018-11-03 03:56:57
logical_or,random,dense,2,relu,100.0%,1.0,0.0012671928,0.01,1000,2018-11-03 03:57:07
logical_xor,random,dense,2,relu,100.0%,1.0,0.0,0.01,100,2018-11-03 03:57:23
reduce_sum,random_pos,dense,2,relu,49.0%,0.49125,44.31454,0.0010000006,30000,2018-11-03 04:01:32
reduce_max,random_pos,dense,2,relu,100.0%,0.99825,0.0037123559,0.01,1000,2018-11-03 04:02:55
concat,random_pos,dense,2,relu,43.0%,0.42854297,0.2260858,0.0010000006,30000,2018-11-03 04:07:56
dot,random_pos,dense,2,relu,4.0%,0.03625,13.832907,1e-06,1000,2018-11-03 04:12:13
elementwise_mul,random_pos,dense,2,relu,45.0%,0.45077735,0.11048483,0.01,1000,2018-11-03 04:18:11
one_hot_sum,random_pos,dense,2,relu,100.0%,0.9959922,0.0040078126,0.01,100,2018-11-03 04:18:27
elementwise_add,random_pos,dense,2,relu,49.0%,0.49292383,0.3952761,0.0010000006,30000,2018-11-03 04:24:21
equality,random_pos,dense,2,relu,100.0%,0.9988789,9.9359415e-05,0.0010000006,100,2018-11-03 04:24:30
logical_and,random_pos,dense,2,relu,100.0%,1.0,0.00090809434,0.01,1000,2018-11-03 04:25:59
logical_or,random_pos,dense,2,relu,100.0%,1.0,0.00078850536,0.01,1000,2018-11-03 04:26:18
logical_xor,random_pos,dense,2,relu,100.0%,1.0,0.0,0.01,100,2018-11-03 04:26:27
reduce_sum,one_hot,dense,2,relu,100.0%,1.0,0.0011620689,0.001,1000,2018-11-03 04:28:36
reduce_max,one_hot,dense,2,relu,100.0%,1.0,0.0011409076,0.001,400,2018-11-03 04:28:58
concat,one_hot,dense,2,relu,99.0%,0.991916,0.0067731817,0.001,100,2018-11-03 04:29:21
dot,one_hot,dense,2,relu,99.0%,0.99025,0.009756143,0.0001,400,2018-11-03 04:30:52
elementwise_mul,one_hot,dense,2,relu,100.0%,0.99976367,0.0003783367,0.0001,100,2018-11-03 04:31:14
one_hot_sum,one_hot,dense,2,relu,100.0%,0.99573827,0.00430361,0.0001,100,2018-11-03 04:31:36
elementwise_add,one_hot,dense,2,relu,99.0%,0.99124026,0.008655074,0.0010000006,4000,2018-11-03 04:36:22
equality,one_hot,dense,2,relu,100.0%,0.9999258,0.00016701581,0.0010000016,3100,2018-11-03 04:38:21
logical_and,one_hot,dense,2,relu,100.0%,0.99993163,7.020358e-05,0.0010000016,100,2018-11-03 04:38:44
logical_or,one_hot,dense,2,relu,99.0%,0.9903457,0.009495148,0.0010000019,9900,2018-11-03 04:43:54
logical_xor,one_hot,dense,2,relu,99.0%,0.99020314,0.00917694,0.0010000019,1000,2018-11-03 04:44:19
reduce_sum,many_hot,dense,2,relu,98.0%,0.98,0.0047829044,0.01,1000,2018-11-03 04:52:48
reduce_max,many_hot,dense,2,relu,99.0%,0.99475,0.00308954,0.001,1000,2018-11-03 04:56:41
concat,many_hot,dense,2,relu,54.0%,0.53843164,0.066589944,0.0010000006,30000,2018-11-03 05:01:20
dot,many_hot,dense,2,relu,3.0%,0.03425,11.792217,0.1,1000,2018-11-03 05:09:25
elementwise_mul,many_hot,dense,2,relu,100.0%,0.99817187,0.0018363436,9.999989e-05,30000,2018-11-03 05:15:16
one_hot_sum,many_hot,dense,2,relu,99.0%,0.9921875,0.0078125,0.01,100,2018-11-03 05:19:52
elementwise_add,many_hot,dense,2,relu,99.0%,0.991082,0.0027769532,0.001,1000,2018-11-03 05:23:58
equality,many_hot,dense,2,relu,3.0%,0.031150391,0.2542712,0.0010000006,30000,2018-11-03 05:29:13
logical_and,many_hot,dense,2,relu,98.0%,0.97904295,0.018066041,0.0010000016,30000,2018-11-03 05:39:49
logical_or,many_hot,dense,2,relu,33.0%,0.32832423,0.0853027,0.0010000006,30000,2018-11-03 05:47:49
logical_xor,many_hot,dense,2,relu,3.0%,0.028779296,0.24206606,0.0010000016,30000,2018-11-03 05:52:54
reduce_sum,random,dense,2,sigmoid,3.0%,0.02725,78.46145,0.0010000019,30000,2018-11-03 05:57:36
reduce_max,random,dense,2,sigmoid,100.0%,1.0,0.00065829116,0.0010000019,100,2018-11-03 05:57:51
concat,random,dense,2,sigmoid,53.0%,0.53455466,0.17238396,0.0010000006,30000,2018-11-03 06:04:18
dot,random,dense,2,sigmoid,4.0%,0.0355,13.85488,0.0010000006,1000,2018-11-03 06:09:27
elementwise_mul,random,dense,2,sigmoid,45.0%,0.45167577,0.11036739,1.0,1000,2018-11-03 06:15:23
one_hot_sum,random,dense,2,sigmoid,100.0%,0.9960254,0.0039746095,1.0,100,2018-11-03 06:15:35
elementwise_add,random,dense,2,sigmoid,43.0%,0.43164843,0.36040038,0.0010000006,30000,2018-11-03 06:21:55
equality,random,dense,2,sigmoid,100.0%,1.0,0.0010100565,0.0010000006,100,2018-11-03 06:22:10
logical_and,random,dense,2,sigmoid,100.0%,1.0,0.0009508801,0.0010000006,100,2018-11-03 06:22:17
logical_or,random,dense,2,sigmoid,100.0%,1.0,0.001004077,0.0010000006,100,2018-11-03 06:22:33
logical_xor,random,dense,2,sigmoid,100.0%,1.0,0.0009837368,0.0010000006,100,2018-11-03 06:22:48
reduce_sum,random_pos,dense,2,sigmoid,3.0%,0.032,78.75457,0.0010000016,30000,2018-11-03 06:28:46
reduce_max,random_pos,dense,2,sigmoid,100.0%,1.0,0.0011495104,0.0010000016,100,2018-11-03 06:29:00
concat,random_pos,dense,2,sigmoid,53.0%,0.53485936,0.1729264,0.0010000006,30000,2018-11-03 06:36:00
dot,random_pos,dense,2,sigmoid,3.0%,0.0345,13.425025,0.0001,1000,2018-11-03 06:42:18
elementwise_mul,random_pos,dense,2,sigmoid,45.0%,0.45265234,0.11022845,0.009999993,30000,2018-11-03 06:48:09
one_hot_sum,random_pos,dense,2,sigmoid,100.0%,0.9960918,0.0039075282,0.009999993,100,2018-11-03 06:48:24
elementwise_add,random_pos,dense,2,sigmoid,43.0%,0.43261328,0.35921887,0.0010000006,30000,2018-11-03 06:54:17
equality,random_pos,dense,2,sigmoid,100.0%,1.0,0.00097441464,0.0010000006,100,2018-11-03 06:54:32
logical_and,random_pos,dense,2,sigmoid,100.0%,1.0,0.00097550417,0.0010000006,100,2018-11-03 06:54:48
logical_or,random_pos,dense,2,sigmoid,100.0%,1.0,0.0009890859,0.0010000006,100,2018-11-03 06:54:54
logical_xor,random_pos,dense,2,sigmoid,100.0%,1.0,0.00097375584,0.0010000006,100,2018-11-03 06:55:10
reduce_sum,one_hot,dense,2,sigmoid,0.0%,0.0,1.0,0.1,1000,2018-11-03 07:01:33
reduce_max,one_hot,dense,2,sigmoid,100.0%,1.0,0.0,0.1,100,2018-11-03 07:01:58
concat,one_hot,dense,2,sigmoid,99.0%,0.9921875,0.0078125,0.1,100,2018-11-03 07:02:22
dot,one_hot,dense,2,sigmoid,99.0%,0.99125,0.00875,0.1,100,2018-11-03 07:02:45
elementwise_mul,one_hot,dense,2,sigmoid,100.0%,0.99992967,7.03125e-05,0.1,100,2018-11-03 07:03:06
one_hot_sum,one_hot,dense,2,sigmoid,100.0%,0.9960547,0.0039453125,0.1,100,2018-11-03 07:03:29
elementwise_add,one_hot,dense,2,sigmoid,100.0%,0.99754494,0.0019204684,0.009999993,2400,2018-11-03 07:08:21
equality,one_hot,dense,2,sigmoid,100.0%,0.99832815,0.0015818562,0.009999991,2600,2018-11-03 07:13:24
logical_and,one_hot,dense,2,sigmoid,100.0%,0.99990237,9.765076e-05,0.009999991,100,2018-11-03 07:13:46
logical_or,one_hot,dense,2,sigmoid,100.0%,0.9977285,0.0017940684,0.009999993,2700,2018-11-03 07:18:48
logical_xor,one_hot,dense,2,sigmoid,100.0%,0.9971641,0.0024855514,0.009999993,2400,2018-11-03 07:23:54
reduce_sum,many_hot,dense,2,sigmoid,0.0%,0.0,16151.97,0.009999993,1000,2018-11-03 07:35:40
reduce_max,many_hot,dense,2,sigmoid,100.0%,1.0,0.0,0.009999993,100,2018-11-03 07:37:04
concat,many_hot,dense,2,sigmoid,68.0%,0.6773496,0.08750345,0.009999991,30000,2018-11-03 07:43:50
dot,many_hot,dense,2,sigmoid,0.0%,0.0,977.28827,0.009999991,1000,2018-11-03 07:57:29
elementwise_mul,many_hot,dense,2,sigmoid,95.0%,0.94687694,0.01285883,0.009999991,30000,2018-11-03 08:03:52
one_hot_sum,many_hot,dense,2,sigmoid,99.0%,0.9902207,0.0034184293,0.009999991,1000,2018-11-03 08:05:11
elementwise_add,many_hot,dense,2,sigmoid,75.0%,0.7456758,0.25130522,0.0010000006,30000,2018-11-03 08:12:42
equality,many_hot,dense,2,sigmoid,78.0%,0.7785664,0.049908422,0.0010000016,30000,2018-11-03 08:23:06
logical_and,many_hot,dense,2,sigmoid,100.0%,0.995291,0.0008483832,0.0010000019,30000,2018-11-03 08:27:58
logical_or,many_hot,dense,2,sigmoid,100.0%,0.99526954,0.00085566577,0.0010000019,30000,2018-11-03 08:33:15
logical_xor,many_hot,dense,2,sigmoid,72.0%,0.72036916,0.06745248,0.0010000006,30000,2018-11-03 08:43:30
reduce_sum,random,multiply,1,linear,29.0%,0.294,0.17530043,0.009999993,30000,2018-11-03 08:48:48
reduce_max,random,multiply,1,linear,100.0%,1.0,0.0013159299,0.009999993,1000,2018-11-03 08:49:25
concat,random,multiply,1,linear,100.0%,1.0,0.0004880421,0.0010000006,30000,2018-11-03 08:54:15
dot,random,multiply,1,linear,25.0%,0.245,0.25690508,0.0010000016,30000,2018-11-03 08:58:53
elementwise_mul,random,multiply,1,linear,100.0%,0.99964064,0.00025163783,0.009999993,30000,2018-11-03 09:04:40
one_hot_sum,random,multiply,1,linear,100.0%,0.99606836,0.0042495662,0.009999993,100,2018-11-03 09:04:58
elementwise_add,random,multiply,1,linear,100.0%,1.0,0.0011192552,0.0010000006,30000,2018-11-03 09:11:02
equality,random,multiply,1,linear,100.0%,1.0,5.376588e-05,0.0010000006,1000,2018-11-03 09:11:22
logical_and,random,multiply,1,linear,100.0%,1.0,1.5881258e-07,0.0010000016,30000,2018-11-03 09:15:17
logical_or,random,multiply,1,linear,100.0%,1.0,1.2726153e-07,0.0010000019,30000,2018-11-03 09:19:49
logical_xor,random,multiply,1,linear,100.0%,1.0,5.234579e-05,0.0010000019,1000,2018-11-03 09:20:33
reduce_sum,random_pos,multiply,1,linear,69.0%,0.689,0.028265104,0.0010000019,30000,2018-11-03 09:26:10
reduce_max,random_pos,multiply,1,linear,100.0%,1.0,6.6050015e-05,0.0010000019,30000,2018-11-03 09:29:59
concat,random_pos,multiply,1,linear,100.0%,1.0,0.00047162082,0.0010000019,30000,2018-11-03 09:34:52
dot,random_pos,multiply,1,linear,26.0%,0.2555,0.24447733,0.0010000019,30000,2018-11-03 09:40:30
elementwise_mul,random_pos,multiply,1,linear,92.0%,0.9238496,0.007815084,0.009999993,30000,2018-11-03 09:46:30
one_hot_sum,random_pos,multiply,1,linear,100.0%,0.99619335,0.004118268,0.009999993,100,2018-11-03 09:46:45
elementwise_add,random_pos,multiply,1,linear,100.0%,0.9999922,0.0011469736,0.0010000006,30000,2018-11-03 09:53:54
equality,random_pos,multiply,1,linear,100.0%,1.0,5.1462004e-05,0.0010000006,1000,2018-11-03 09:54:14
logical_and,random_pos,multiply,1,linear,100.0%,1.0,1.2141467e-07,0.0010000016,30000,2018-11-03 10:00:04
logical_or,random_pos,multiply,1,linear,100.0%,1.0,9.643472e-07,0.0010000019,30000,2018-11-03 10:04:19
logical_xor,random_pos,multiply,1,linear,100.0%,1.0,5.3565596e-05,0.0010000019,1000,2018-11-03 10:04:31
reduce_sum,one_hot,multiply,1,linear,100.0%,1.0,0.00090229133,0.0010000019,1000,2018-11-03 10:05:02
reduce_max,one_hot,multiply,1,linear,100.0%,1.0,0.0003674383,0.0010000019,1000,2018-11-03 10:05:30
concat,one_hot,multiply,1,linear,99.0%,0.9921875,0.0075873416,0.0010000019,100,2018-11-03 10:05:53
dot,one_hot,multiply,1,linear,99.0%,0.99125,0.008779284,1e-06,100,2018-11-03 10:06:44
elementwise_mul,one_hot,multiply,1,linear,100.0%,0.99992776,0.000109436274,1e-06,100,2018-11-03 10:07:08
one_hot_sum,one_hot,multiply,1,linear,100.0%,0.9960547,0.0039811595,1e-06,100,2018-11-03 10:07:32
elementwise_add,one_hot,multiply,1,linear,100.0%,0.9996543,0.0010123742,0.001,700,2018-11-03 10:10:16
equality,one_hot,multiply,1,linear,100.0%,0.9985371,0.0018860679,0.01,1000,2018-11-03 10:12:59
logical_and,one_hot,multiply,1,linear,100.0%,0.9999043,0.00010275871,0.01,100,2018-11-03 10:13:25
logical_or,one_hot,multiply,1,linear,100.0%,0.99929494,0.0010721962,0.001,700,2018-11-03 10:15:44
logical_xor,one_hot,multiply,1,linear,100.0%,0.9983984,0.0013421242,0.001,700,2018-11-03 10:16:11
reduce_sum,many_hot,multiply,1,linear,2.0%,0.01625,45.72487,0.1,1000,2018-11-03 10:25:57
reduce_max,many_hot,multiply,1,linear,91.0%,0.91475,0.008651363,0.01,1000,2018-11-03 10:35:45
concat,many_hot,multiply,1,linear,84.0%,0.841916,0.012604661,0.01,1000,2018-11-03 10:40:58
dot,many_hot,multiply,1,linear,21.0%,0.2055,0.3502924,0.0010000006,30000,2018-11-03 10:52:07
elementwise_mul,many_hot,multiply,1,linear,100.0%,1.0,0.00010968401,0.009999993,30000,2018-11-03 11:02:18
one_hot_sum,many_hot,multiply,1,linear,98.0%,0.9833613,0.0036320528,0.001,1000,2018-11-03 11:11:31
elementwise_add,many_hot,multiply,1,linear,100.0%,0.99951565,0.0016456835,0.0010000006,30000,2018-11-03 11:19:41
equality,many_hot,multiply,1,linear,100.0%,1.0,0.00012997426,0.0010000006,30000,2018-11-03 11:26:03
logical_and,many_hot,multiply,1,linear,99.0%,0.9929473,0.002484106,0.01,1000,2018-11-03 11:31:19
logical_or,many_hot,multiply,1,linear,100.0%,0.99806833,0.0011286965,0.009999993,30000,2018-11-03 11:39:25
logical_xor,many_hot,multiply,1,linear,98.0%,0.97848046,0.0037237266,0.009999991,30000,2018-11-03 11:45:03
reduce_sum,random,dense_residual,2,linear,34.0%,0.33675,0.111476384,0.009999993,30000,2018-11-03 11:51:22
reduce_max,random,dense_residual,2,linear,76.0%,0.75525,0.018218415,0.009999993,700,2018-11-03 11:53:53
concat,random,dense_residual,2,linear,23.0%,0.22947364,0.29284456,0.009999993,1000,2018-11-03 12:00:02
dot,random,dense_residual,2,linear,4.0%,0.03525,14.565933,0.001,1000,2018-11-03 12:05:18
elementwise_mul,random,dense_residual,2,linear,33.0%,0.32834765,0.15875159,0.01,1000,2018-11-03 12:13:22
one_hot_sum,random,dense_residual,2,linear,99.0%,0.9940625,0.0059577087,0.01,1000,2018-11-03 12:13:42
elementwise_add,random,dense_residual,2,linear,24.0%,0.23786134,0.27084365,0.009999993,30000,2018-11-03 12:21:08
equality,random,dense_residual,2,linear,62.0%,0.62255466,0.032597404,0.01,100,2018-11-03 12:24:01
logical_and,random,dense_residual,2,linear,95.0%,0.9499492,0.0055286516,0.009999993,30000,2018-11-03 12:30:23
logical_or,random,dense_residual,2,linear,88.0%,0.88374025,0.0120808305,0.009999991,30000,2018-11-03 12:36:43
logical_xor,random,dense_residual,2,linear,62.0%,0.61965233,0.03294938,0.009999991,100,2018-11-03 12:39:01
reduce_sum,random_pos,dense_residual,2,linear,20.0%,0.198,0.39101666,0.009999991,30000,2018-11-03 12:44:32
reduce_max,random_pos,dense_residual,2,linear,100.0%,1.0,0.00038916475,0.1,1000,2018-11-03 12:46:03
concat,random_pos,dense_residual,2,linear,23.0%,0.22754492,0.2984972,0.01,1000,2018-11-03 12:50:10
dot,random_pos,dense_residual,2,linear,4.0%,0.036,13.935712,0.0010000006,30000,2018-11-03 12:56:36
elementwise_mul,random_pos,dense_residual,2,linear,33.0%,0.32873437,0.15880224,0.01,1000,2018-11-03 13:03:22
one_hot_sum,random_pos,dense_residual,2,linear,99.0%,0.9929063,0.0061456226,0.01,1000,2018-11-03 13:03:43
elementwise_add,random_pos,dense_residual,2,linear,23.0%,0.23017773,0.29259083,0.1,1000,2018-11-03 13:10:28
equality,random_pos,dense_residual,2,linear,61.0%,0.61008596,0.03427191,0.01,100,2018-11-03 13:12:59
logical_and,random_pos,dense_residual,2,linear,100.0%,1.0,5.021444e-06,0.009999993,30000,2018-11-03 13:19:53
logical_or,random_pos,dense_residual,2,linear,99.0%,0.98680276,0.0024624348,0.009999991,30000,2018-11-03 13:25:29
logical_xor,random_pos,dense_residual,2,linear,62.0%,0.6176406,0.033261005,0.009999993,100,2018-11-03 13:27:49
reduce_sum,one_hot,dense_residual,2,linear,100.0%,1.0,8.530109e-07,0.009999993,30000,2018-11-03 13:34:04
reduce_max,one_hot,dense_residual,2,linear,100.0%,1.0,0.0021944947,0.009999993,1000,2018-11-03 13:34:36
concat,one_hot,dense_residual,2,linear,99.0%,0.9914912,0.0074914624,0.009999993,100,2018-11-03 13:35:00
dot,one_hot,dense_residual,2,linear,97.0%,0.966,0.0124782305,0.0010000006,30000,2018-11-03 13:43:51
elementwise_mul,one_hot,dense_residual,2,linear,99.0%,0.99285936,0.0035759232,0.0001,1000,2018-11-03 13:45:48
